tx_hash,start_time,end_time,block_number,gas_used,kind
0x004a7c9e2046adc40d3e138402f991dab4ae3dd7e283d22c132fc165e6149e9f,1738959289,1738959291,9149523,162108,
0x829f6fd2030f9146579794b36a71d1d4d9c398214dc2c83df5deb39ae17da009,1738959289,1738959291,9149523,151073,
0xee49bf3a2e79f04befee92edd45fdfe2cb9d16b998dac8d3a66fb63d70915f3b,1738959289,1738959291,9149523,151064,
0x2c801543fd05aa181b444ffe1b88d683442bcd09de15412deefe2bcfaefdb41c,1738959289,1738959291,9149523,151073,
0x546c41332a75089fc8e71ec62c0d4a0f9fbfd10a45664248ae5f5913c8345773,1738959289,1738959291,9149523,151073,
0x465998e7f75437a1a53d9d5c3297c4adeeb38b5e9364a5db7605e55baf6de145,1738959289,1738959291,9149523,151073,
0xad29c981cf512e380a4fd3ddef0e4dfa67ad6f56cd2dc6ab4269690d458f6985,1738959289,1738959291,9149523,151073,
0x0f02b71be3f764c82f413df508377a01395e112fc2a2b9d019c3ba6afe3d6950,1738959289,1738959291,9149523,151073,
0xbd289f6913b384715ea7b8ab9c365f26f21ea06107650b4357f1929410b5240a,1738959289,1738959291,9149523,151073,
0x71d466bc6e17d5583bbd1275c75697a1f3f4cb6a375426d02927063533792cb0,1738959289,1738959291,9149523,151073,
0xc7b7fc2ec8ebe5130da9b47b4aa659b7b7de3442cdd92e3d4ead1914790bbba4,1738959289,1738959291,9149523,151073,
0x4c8806a39dc042872b21b3d8923d4f2d091fa1d4f7612a246bd9a6649afff6cf,1738959289,1738959291,9149523,151073,
0x7c22b756da32371cd1fb718aa33aebc061387c1eebf5978b92df643fa0890988,1738959289,1738959291,9149523,151064,
0xa09bd271f42fea0c7569aed0fdf61e651e09c622852f2619f269310dbe2f0e06,1738959289,1738959291,9149523,151073,
0xbdeb52ecb6f0b384462a8eef1769845823912ae00e1cf88cd57e093b0628896f,1738959289,1738959291,9149523,151064,
0x95e5ce0ca277d87af2b5c21e68422b5dd583e2129d893716d9fa7fef607fb119,1738959289,1738959291,9149523,151073,
0xe616fb4f291a7fcef1eda3d2fb4ea87a8411b92f3eee0506cd871a5c551733fe,1738959289,1738959291,9149523,151073,
0x6c791656f1fb93cd21ac5597958af306c8c2956816da21c88d814829f719b282,1738959289,1738959291,9149523,151073,
0x41ff4c3e259a71b6ad71144739fff90471e900c56b1ab883170ac8a0b5f1bc74,1738959289,1738959291,9149523,151073,
0x33437298916f9db184b95eafa2128c8c3c272abaea75cab248b1d3ad3843dd13,1738959289,1738959291,9149523,151073,
0xfbfe8d7e570a7703f368c301f7778f5d690b977f7009b4e6800e0a7fdd596f0c,1738959290,1738959293,9149525,151073,
0x4c74504788986c4b8c7f8208ebce28d853d101c43d2206159731b7314edbbc89,1738959290,1738959293,9149525,151073,
0x3f7a8f58ac9d4ad7325765aa64449b5d1344b3c9ac372bf3857af97e173ccccd,1738959290,1738959293,9149525,151073,
0x016dc8056f92ab2f4c2093b7a013424b8119fb67c9550d227437dc8cc1c1ca00,1738959290,1738959293,9149525,151073,
0x3c60fbecde886d967aeadeb37a28b9df0d92f2b3e931120add4434edb72e1d17,1738959290,1738959293,9149525,151073,
0xef8494638b1d7fd4de42aa8117a9fb373a39287e59ec5e2031a3e9b1d4b7605d,1738959290,1738959293,9149525,151073,
0xaadfb620d2c9a91265e28bec93cedffd22f80e5960b400bf6073b6668731d9d4,1738959290,1738959293,9149525,151073,
0x0c4247bc60ac204dc53b1a5a236607dfd1ecc63b0bcd17e0ea2c876ea2fdf734,1738959290,1738959293,9149525,151073,
0x687878a7598d03c53ab50c795f2e48cb080a19db8bde8e0bbf34ebe183d15f13,1738959290,1738959293,9149525,151073,
0xb61517771e526a7090f944efbeda9d4b0aac8f7a426a69303efb65311db9c7b6,1738959290,1738959293,9149525,151073,
0x8b7cb098d4b6ec39f1a094623c8e4883672a60a0661da959c85eb7abb5545c6c,1738959290,1738959293,9149525,151064,
0x778e0232db534dd8f54b8ccf8d233031436decbd94f571ca95d350a8d2b7395f,1738959290,1738959293,9149525,151073,
0x183f5af8e14eb50c814d9d386ef7e9eb4e8e2fd8504fdabdd0c80e374b07b667,1738959290,1738959293,9149525,151064,
0x636f40ac0a3126538364ac8fe2c7681a07af2de0a47f8ba45cdac16fd7202289,1738959290,1738959293,9149525,151073,
0x3c2ecce53487bf3ebe354090606d6370d5de1af6e90b56449821ebd5749af828,1738959290,1738959293,9149525,151073,
0xa38a92a89c1cc763889c8543fb0c9fa6ea796c5478159354a28068ac40636f79,1738959290,1738959293,9149525,151064,
0x0a48447ce3620153fcd1327bbe2b90978e4536affccd4304f8fcb431b8ba1bfd,1738959290,1738959293,9149525,151073,
0x82c1aa5b52754a508cee1afb40f8c37d01c757fb9cec12252206f4768bd83d5f,1738959290,1738959293,9149525,151073,
0x6c7ca23a97c42625e5d7367ddc5d0d70fb88940a2e699267e8baa043e3fee579,1738959290,1738959293,9149525,151073,
0xa342d51f1b21353a485d43388c75fb71c582e94bca3b20bd3c52a62a4b39e0b7,1738959290,1738959293,9149525,151073,
0xb13da8ffe2dfbb8d1e391c9db490f14263d85ec679e710377267098f2abb1a3e,1738959294,1738959296,9149528,156776,
0x5e7ebbe986e045522425413e81d7c4ab18cd785683d55c8628d1f1a572daa4b3,1738959294,1738959296,9149528,156776,
0x2c5799b8c133383783379ef13fc647d3fa6416d2ebaedeb4e67d7e36455f8c7a,1738959294,1738959296,9149528,156776,
0xafb43426a2224efd9cb1b60a8af3853564fb1c69ee5c5bc0bfef6c90a7db8d35,1738959294,1738959296,9149528,156767,
0xf4c262fe601d5d3be568fc898d7db2301c332ca6dde7101bd0e74b941f3082a4,1738959294,1738959296,9149528,156776,
0xf1a97f6980bf63a891802e82d4107d8ec9dd095449b1e39ac2eca17efd851e1c,1738959294,1738959296,9149528,156776,
0xe291f1cb0dae74e285a80d1f277a808f7ec2a960770d51cd19836f3d1be78275,1738959294,1738959296,9149528,156767,
0xd8d82a4488d92b3e6954d30abc4f7ff702f31259cce6bd8ceb01c9a2ea668d16,1738959294,1738959296,9149528,156776,
0x967d60bbb3eb9572fce1257edb4a98554efdf754445bef7e43d81fd3ef9bd943,1738959294,1738959296,9149528,156776,
0xefb2919bd222eeda20c4ece38365f968e128557d57df3f6a47e48e3342d18a5a,1738959294,1738959296,9149528,156776,
0xb256e891f2d28b98d879e97a7655328cff7eb6d6f195295620bee6ffecddb8d0,1738959294,1738959296,9149528,156776,
0x87c176b309c7eabfc830185d7fa21506fe18816d8902cd01ce91de8d0ace9ccb,1738959294,1738959296,9149528,156776,
0xcaf8a251194b4743ad87ef42459a4935ae1a894fb641cbeea5f9dfe8cf3fcfbb,1738959294,1738959296,9149528,156776,
0x60e48dc1aa57f60e9bf74090e18c3e0d8bcbf07101aa58e2b41ad0880ded9ccc,1738959294,1738959296,9149528,156776,
0x6fb782432791e7f5ab38b6535b6a228ff296f6042730cd23bd947f0e6805eae8,1738959294,1738959296,9149528,156776,
0x51f8d1c051c147618f3c50ad4b487d7bdcc527c9b3fcfc723729ffd56c5bf71b,1738959294,1738959296,9149528,156776,
0xde385dab7c3d51708e22d82aed0c22640790bd82b699574b67e7b0e84b6515c1,1738959294,1738959296,9149528,156776,
0x333df3e79b29b133cc64ef3d0bb7e977524c74060b06e690bfb60d367200b816,1738959294,1738959296,9149528,156776,
0x442ebadea452b3965918dc35cff4b2c99170755c40d498c4fb3203c71f94ba22,1738959294,1738959296,9149528,156776,
0xfe8e9f3c2ed61b517341ce7f9f125e5c52a24da8fca02c76e5a5983f0cbd0cf3,1738959294,1738959296,9149528,156767,
0x123643b61761c6529a52070068a458cb177db154536c8fb86c1c6b9088aedf29,1738959295,1738959297,9149529,156776,
0xa3a7605d88ffeb8e20f1f791477fe6b15c4209d86bf070d2a8bbb9687c905e6a,1738959295,1738959297,9149529,156776,
0x6e5f88ca40aaa9b43303cb88ade82561f197b339f13160fd992f774b3e35b797,1738959295,1738959297,9149529,156776,
0x0eac87190a75568a35e5a6ad9690e6493c2087dacb04ff1b54f3953c562fce1f,1738959295,1738959297,9149529,156776,
0xd588b3ba87da27304c29da16a7130856db67635b137adf669f66f6664c7d1945,1738959295,1738959297,9149529,156776,
0xd51c7cd7ff0ca613ec430ecf679ae284bc71c53710ac2b27e02fbe711283d2b9,1738959295,1738959297,9149529,156776,
0xe8c7ac6f54fe65182b7bf3d6a2f7c31d648583a64b56a0623ebc1060976d0de0,1738959295,1738959297,9149529,156776,
0x39426d64a7cda66b9538876572bc17a0f604d8714b19ca880d4bc3ea2442b76e,1738959295,1738959297,9149529,156767,
0xced442e6ada56f48238a18afcd4012f02afa8550007f3f35f1f2377ad3aa84e0,1738959295,1738959297,9149529,156776,
0x275a0f1edafac461c011a5fcdc04b42a2d9fb64b170d3bc940a74e467c5afa31,1738959295,1738959297,9149529,156776,
0x8fb2fd707fc367aa4ad3dbb40ea99d5c06029222885dd0a6da7cd48a1e19c6ee,1738959295,1738959297,9149529,156776,
0x9e076c89d5e8acf51cf7fc2b16cf86114f08f33ad0649555ed4c8e0929ea45a4,1738959295,1738959297,9149529,156776,
0x2921703b4adc29ebc05e0387ad755d0b6e39261df455f0495adab85e94ee8c6c,1738959295,1738959297,9149529,156776,
0xb9f7deb1623841c6acbfe8580c0f6ba55290e52ce3015cd0df27b8cf8479e465,1738959295,1738959297,9149529,156767,
0xa5491c6a2dc20b104b5818a812590ba6fe713385be3565e8349eb4aec744eda0,1738959295,1738959297,9149529,156776,
0x71454c3e3d901540acd08572806ecefcaa0c3f27b3111cc6fad7e87b67bfd749,1738959295,1738959297,9149529,156776,
0xd0be2b812801394972a096d4dd4fde34078ea5e22770a42c0d2189cc4e5f5e76,1738959295,1738959297,9149529,156776,
0xd49bcfd02908018d1d2f7548ac615d63dfc7584d7f9e57d2283d8c352444f574,1738959295,1738959297,9149529,198177,
0x9195b739dd61e311f37d2d2e4d14f311817971a3ee502af17ce8f4e592ae05e8,1738959295,1738959297,9149529,156776,
0x045b76c8abf9ff62811261c6ef4b47fb837ca20fd4af300d115996d34ea95102,1738959295,1738959297,9149529,156767,
0x73d35b4df347913d08ef7a21e849ef6b759fc61d7fe40db2ff0adfb51a5f6bd8,1738959298,1738959300,9149532,151073,
0xb2c9e03f5c59a24d86816e5f98ff7e0a258f49df9aad284cbdd66b213b05e3b4,1738959298,1738959300,9149532,151073,
0x427d184218344e1397a3c6d7b6c2e993140998f22de668543f4fb0df7b20c392,1738959298,1738959300,9149532,162108,
0x77fd73886faa73d6d088dcad00a2259185f3fb5f0c5b1d84b75479019bc9f7f3,1738959298,1738959300,9149532,151073,
0x6cc83f68a5c8ceb8787a7346f6be6f2b58580b0b58b9e0c4f2279d7d1593fca6,1738959298,1738959300,9149532,151073,
0x366b351aa37ec699a07c8c3405b1685b9d8ee90f57be619f65bd5411a0c59018,1738959298,1738959300,9149532,151073,
0xe3783cb9aa91fe7abad9d95d39e6de29f5115a979775c0cfdf1ee57bdc99987d,1738959298,1738959300,9149532,151073,
0xc1ecb9b6f8143f61eaa9d1a49c5f9454d2ba395d20ca5c6c315d64b5ddfa526d,1738959298,1738959300,9149532,151064,
0x392f1a78463745d7973eda08b1520633778c6d879691c4cfaac405b4e0810bbd,1738959298,1738959300,9149532,151073,
0xbb85e6de42ea5a603da53342631a570e12e1c23f30ffc679c673b1aec08b5eb8,1738959298,1738959300,9149532,151073,
0xaf84787f32f32b379afa004c84bf6f28663fd0cc8fcd7fec7f75db4f9cc1cc06,1738959298,1738959300,9149532,151073,
0x26d4cd3086d26dc755791db82fe34cd9e212aae0b062aaf433eb732cb145d09c,1738959298,1738959300,9149532,151073,
0xf501ebbd811e663de34ed8a4d5e3944e6ea6fe4346783bbc68316e2b72627ef3,1738959298,1738959300,9149532,151073,
0xb1f6d2f0a6a57056bda3a865c86f00a9562c5bf784375ffe4c33dc82615e573e,1738959298,1738959300,9149532,151073,
0xc37559601adf48983eff4e7c9c644149cd898a66c69c92c14cd0d264961a36f4,1738959298,1738959300,9149532,151073,
0x38e3dace2ab6704a0d427bec713bdf269df11f4e602ecd25588ad7354eefb451,1738959298,1738959300,9149532,151073,
0xbc4d1910fc2706e6daebefe370a5d4ee04080a042e1c9d340fb0798da940e039,1738959298,1738959300,9149532,151064,
0x3fd9ef2b5f4cd2f0150107ea69d3242d986c8da23b084e32c1ee079ca695e44b,1738959298,1738959300,9149532,151073,
0x1d60309f9967338a8d8c756ae5901a58d682d316d7bb84893dc5a462cd08eef8,1738959298,1738959300,9149532,151073,
0x13f07eb673838d054ff6d5c77569811a41469f8302d025c208a5d388ed13b264,1738959298,1738959300,9149532,151064,
0xad1ba753a98ae1daefa0c1431d4a205b1d0f3b95242486a7ecc109a4159f1de5,1738959300,1738959302,9149534,151064,
0x26ff7abbeaaf93a565597e0af0b545c7f200256a4c05c2a0e9e12fbd1cf225cd,1738959300,1738959302,9149534,151073,
0x273714273ffe6e1d9f2a35a86a0a333b7c994d88330e7bed0032311c485b6747,1738959300,1738959302,9149534,151073,
0x3fa66b38f5c78d8cfdd0926981669d90c38ca6c9bdfb35581e5ecc7ef1a61c31,1738959300,1738959302,9149534,151073,
0x8f2495cb6c0e218e0999043f685accc25268555228403a43aa750bd01bd12cb9,1738959300,1738959302,9149534,151073,
0x868a2961e769afed728262b8d2a500639f5720f4cb050402ad5d87066c330f3e,1738959300,1738959302,9149534,151073,
0xe0d3c276dc0320f2fd886b6ebab72268e05f2b0e4006a671f006c4270a6f354a,1738959300,1738959302,9149534,151073,
0xcb86a579ee2177e56f21240aa342969c24a81ad5d66089765d094ad75fdfde54,1738959300,1738959302,9149534,151064,
0xd03eff5f464dc1b1d37e70b5343b9845ea57c1fb522a8b2f99b5cf43ac26cce5,1738959300,1738959302,9149534,151064,
0xe4d32554ba176d7ac5b798224f1b6a7f22e078c5e4ace94e13bb000c39f27393,1738959300,1738959302,9149534,151073,
0x4a5aa4f9d5f44cb742c18cd7dab5d73e82eb356b2b98d2e6fcea5a10eaa79196,1738959300,1738959302,9149534,151073,
0xd67ba73f514828d006455ef15b0d24e3300703bdff6a31f979277303683072d5,1738959300,1738959302,9149534,151073,
0x227d48252b553f4973605b9efb609a6708cb86d815cdfe289813deaf46c91d0e,1738959300,1738959302,9149534,151073,
0x26001574c26061b44ee75b95bd15080fc8fbcbb4a794a2ae623514e35a0fd4c4,1738959300,1738959302,9149534,151073,
0x2f086d1d9bbb667925ef035db71a39c922176d950e09c505fe49d794b29c7668,1738959300,1738959302,9149534,151073,
0x17546d9bddaac14685b8e3a87ecbb19fc879d5f92da798affdad61aed417a665,1738959300,1738959302,9149534,151073,
0x369fc226a178e3f0f3f482f9b794323fd31e93b8264a2b3d363c44ccd07ad66c,1738959300,1738959302,9149534,151073,
0xbdf26333c339e150f01fa1e318e48206cf8b5ac21a3342bacfaae920ea430928,1738959300,1738959302,9149534,151073,
0xf3a353ba4630bb5dc5f747b827537e403c1faefe80d8a9d0ea89ec8a98b53ab1,1738959300,1738959302,9149534,151073,
0x9eeafe9314ffc6d8789a0f3e45be035eb6be6b2c3370b288d0d6ccf8e0da5929,1738959300,1738959302,9149534,151073,
0x2c462e441cad5efb01a5eed8ec9a9331bab57a7a1023887874a1e9628858f48c,1738959303,1738959305,9149537,156776,
0x389d8519a7464dce3975dae9544493e3462e13abda3ab4488febc91c1264115c,1738959303,1738959305,9149537,156767,
0x660db640b3deb36bc6335ef431a1545016a231ea863954ded5e62371253e0ad8,1738959303,1738959305,9149537,156776,
0x6cb59de4a602dcdf9866c664810f37b8ada8eb9b04339bd511b6fabe45403330,1738959303,1738959305,9149537,156776,
0x51db42a41d46ad634de85178ad6a3c27fb15f232b4c6a73a67d98e8a09944d9e,1738959303,1738959305,9149537,156776,
0xd305b2c93f67291dc9aa3bdff7474fed91d181b9ba2aa9db442ad53e561fd3ff,1738959303,1738959305,9149537,156776,
0xd9c6d04dbec174ebb99a279a8ee08a2382966057ca23d690ca5def77c0539a69,1738959303,1738959305,9149537,156776,
0x2f2513a19adadb26b7883d96bb07f97b16dfd924f2eccb162c04e46f89256cc2,1738959303,1738959305,9149537,156776,
0x9bdc0a85bcd0dba80495b4af907c372c9b49387275bdd7117b2d5b59a5fdf224,1738959303,1738959305,9149537,156776,
0x6cd5cbd69a128153f0a6996b194a26af30754961ccffae017d04a00d132a53a7,1738959303,1738959305,9149537,156767,
0xf07d1c51d7f4d3680f36a8175b8b2c78771aee8981ae369b229e0a3058bdb7c0,1738959303,1738959305,9149537,156776,
0x488f095a7799b8eefb39db1a148ae38981eb46b13a864ce83359169095b0504c,1738959303,1738959305,9149537,156776,
0xc1b17ce4ea943969e6a5452a94fb6b4f79f4278bf1ee16476478121402fde599,1738959303,1738959305,9149537,156776,
0x848d343298e368fe9c88279a1d939958d2ad857c387a1f97ede55c40fd62bf05,1738959303,1738959305,9149537,156776,
0x8375dce95eb499c77a451552e762fa3181fa2930411845e764bdd4d2846ac7f7,1738959303,1738959305,9149537,156776,
0x0ed42c700cedad4ea0fa34460c9076ddd8bdcdfd4b0cb9c12df1404e36f5b92d,1738959303,1738959305,9149537,156776,
0x189a36ac280fbe29ebc835e627e456618f56b39b73d4c6660ec8a47ecfaa3749,1738959303,1738959305,9149537,156776,
0x841ae16cf5387b42a21ca060541658e8066d76f65a11da41c0a7d81868f91bc0,1738959303,1738959305,9149537,156767,
0x6aabe502c9e20e3e7b390b79344af5d4e6ff8d90973039260b2fb32100f175e9,1738959303,1738959305,9149537,156776,
0x3cd4f727b4bd1b66f9212eb1c6fda92be0ba0d3a59797748e08ae9d52cb118cb,1738959304,1738959306,9149538,156776,
0x81e1bef62a568d31a41112ad903a247ea68236fc4174700e996dd660e6ba200d,1738959304,1738959306,9149538,156776,
0x3125568d4ad5c1dd130b717902850813b50e4737474934ad5b06c723b00c8e72,1738959304,1738959307,9149539,156776,
0xe6305222baa508ab0f225000c678f04dc206bd779c28368b403c875be15f558c,1738959304,1738959307,9149539,156776,
0xec759e27df5a2f7177c317dc9e4f878c1027ad905f9e36f1c63b15212516c72d,1738959304,1738959307,9149539,156776,
0x2dcb16a50633eea12aebd46a9dbb491a6198a3de8c2f6c35e70b3440890a677e,1738959304,1738959307,9149539,156767,
0x247d2ffa05569224d4c13b611996009f138b06a38bce1f47dc65d737f3d3e748,1738959304,1738959307,9149539,156776,
0x6f471af552c6875d7c7aeaa4d9312a2e9c492348817fa66426b636dc3872d0cf,1738959304,1738959307,9149539,156776,
0x1c8903dd04850309e0b0a0c6fa3a827ca29fcef93a830fbaddcc621697712366,1738959304,1738959307,9149539,156776,
0xf6dcc7854d818b1d4d971664869c684e9aca003484d6b848c8e4d1611534027a,1738959304,1738959307,9149539,156776,
0x86b4cb407e6aa703757872662867eff9ab3320da9227363cd4401e36f909cf6c,1738959304,1738959307,9149539,156767,
0xd3901d5120f6555f7d006c79279966d20b9af61ca2c95154ed8cb4da7b74894c,1738959304,1738959307,9149539,156767,
0x351a80bd07293643b3f77a48e6d6f28ef4aa00e7b39e3d21b44c53727c61bc25,1738959304,1738959307,9149539,156776,
0x388c678e546c9b20aba9b1b2a3bd0d6d4f50b01fce9860eacb2c2e47d3a25f5f,1738959304,1738959307,9149539,156776,
0xd259642c735c70aa76ae7a5efbe6c97bc7851f52540538e9e657485a54c368d9,1738959304,1738959307,9149539,156776,
0x8f11fd83ab049ec8abea06df2b145ad7a2386cfff37082ea2215b5f834175c38,1738959304,1738959307,9149539,156776,
0x36995a00a7635cc8764de757246e7ff7d043c78e954f3dac740392bf4e4a8582,1738959304,1738959307,9149539,156776,
0x941c85d94e702e0711516e923dc4b1e57b3579f9820b5255bd20387d0342e689,1738959304,1738959307,9149539,156776,
0x33148e720701f89be3577bad2780b0f0411e7b840a7fa6678cb9bf631fd319f1,1738959304,1738959307,9149539,198177,
0xf3b81079c466945a579ef99b85e77e3cb76945d8d0405e4f71fa1633bcf3719e,1738959304,1738959307,9149539,156776,
